<?xml version="1.0"?>
<opencv_storage>
<my_random_trees type_id="opencv-ml-random-trees">
  <nclasses>96</nclasses>
  <nsamples>76800</nsamples>
  <nactive_vars>1</nactive_vars>
  <oob_error>0.</oob_error>
  <ntrees>2</ntrees>
  <is_classifier>1</is_classifier>
  <var_all>10</var_all>
  <var_count>10</var_count>
  <ord_var_count>10</ord_var_count>
  <cat_var_count>0</cat_var_count>
  <training_params>
    <use_surrogates>0</use_surrogates>
    <max_categories>2</max_categories>
    <max_depth>10</max_depth>
    <min_sample_count>1</min_sample_count>
    <cross_validation_folds>0</cross_validation_folds>
    <priors type_id="opencv-matrix">
      <rows>1</rows>
      <cols>96</cols>
      <dt>d</dt>
      <data>
        1. 1. 1. 1. 1. 1. 1. 1. 1. 1. 1. 1. 1. 1. 1. 1. 1. 1. 1. 1. 1.
        1. 1. 1. 1. 1. 1. 1. 1. 1. 1. 1. 1. 1. 1. 1. 1. 1. 1. 1. 1. 1.
        1. 1. 1. 1. 1. 1. 1. 1. 1. 1. 1. 1. 1. 1. 1. 1. 1. 1. 1. 1. 1.
        1. 1. 1. 1. 1. 1. 1. 1. 1. 1. 1. 1. 1. 1. 1. 1. 1. 1. 1. 1. 1.
        1. 1. 1. 1. 1. 1. 1. 1. 1. 1. 1. 1.</data></priors></training_params>
  <var_type>
    0 0 0 0 0 0 0 0 0 0</var_type>
  <cat_count type_id="opencv-matrix">
    <rows>1</rows>
    <cols>1</cols>
    <dt>i</dt>
    <data>
      96</data></cat_count>
  <cat_map type_id="opencv-matrix">
    <rows>1</rows>
    <cols>96</cols>
    <dt>i</dt>
    <data>
      0 1 2 3 11 12 13 15 16 26 27 29 30 31 43 44 45 46 47 48 50 51 59
      60 61 62 64 65 66 75 76 78 79 89 90 91 93 94 95 96 109 110 111 112
      122 123 124 125 126 128 129 137 139 140 142 143 144 154 156 157
      158 159 160 171 173 174 175 176 178 185 187 188 189 190 192 193
      194 204 206 207 208 209 218 220 221 222 223 236 237 238 239 241
      251 252 253 255</data></cat_map>
  <trees>
    <_>
      <best_tree_idx>-1</best_tree_idx>
      <nodes>
        <_>
          <depth>0</depth>
          <sample_count>76800</sample_count>
          <value>0.</value>
          <norm_class_idx>0</norm_class_idx>
          <Tn>0</Tn>
          <complexity>0</complexity>
          <alpha>0.</alpha>
          <node_risk>17060.</node_risk>
          <tree_risk>0.</tree_risk>
          <tree_error>0.</tree_error>
          <splits>
            <_><var>8</var>
              <quality>5.0913078125000000e+04</quality>
              <le>1.3050000000000000e+02</le></_></splits></_>
        <_>
          <depth>1</depth>
          <sample_count>75575</sample_count>
          <value>0.</value>
          <norm_class_idx>0</norm_class_idx>
          <Tn>0</Tn>
          <complexity>0</complexity>
          <alpha>0.</alpha>
          <node_risk>15835.</node_risk>
          <tree_risk>0.</tree_risk>
          <tree_error>0.</tree_error></_>
        <_>
          <depth>1</depth>
          <sample_count>1225</sample_count>
          <value>255.</value>
          <norm_class_idx>95</norm_class_idx>
          <Tn>0</Tn>
          <complexity>0</complexity>
          <alpha>0.</alpha>
          <node_risk>0.</node_risk>
          <tree_risk>0.</tree_risk>
          <tree_error>0.</tree_error></_></nodes></_>
    <_>
      <best_tree_idx>-1</best_tree_idx>
      <nodes>
        <_>
          <depth>0</depth>
          <sample_count>76800</sample_count>
          <value>0.</value>
          <norm_class_idx>0</norm_class_idx>
          <Tn>0</Tn>
          <complexity>0</complexity>
          <alpha>0.</alpha>
          <node_risk>17101.</node_risk>
          <tree_risk>0.</tree_risk>
          <tree_error>0.</tree_error>
          <splits>
            <_><var>8</var>
              <quality>5.0797941406250000e+04</quality>
              <le>1.3050000000000000e+02</le></_></splits></_>
        <_>
          <depth>1</depth>
          <sample_count>75609</sample_count>
          <value>0.</value>
          <norm_class_idx>0</norm_class_idx>
          <Tn>0</Tn>
          <complexity>0</complexity>
          <alpha>0.</alpha>
          <node_risk>15910.</node_risk>
          <tree_risk>0.</tree_risk>
          <tree_error>0.</tree_error></_>
        <_>
          <depth>1</depth>
          <sample_count>1191</sample_count>
          <value>255.</value>
          <norm_class_idx>95</norm_class_idx>
          <Tn>0</Tn>
          <complexity>0</complexity>
          <alpha>0.</alpha>
          <node_risk>0.</node_risk>
          <tree_risk>0.</tree_risk>
          <tree_error>0.</tree_error></_></nodes></_></trees></my_random_trees>
</opencv_storage>
